2023-03-01T00:00:00Z,16730071,1677628799,2023-02-28T23:59:59.000Z,
2023-03-01T01:00:00Z,16730366,1677632399,2023-03-01T00:59:59.000Z,
2023-03-01T02:00:00Z,16730665,1677635999,2023-03-01T01:59:59.000Z,
2023-03-01T03:00:00Z,16730960,1677639599,2023-03-01T02:59:59.000Z,
2023-03-01T04:00:00Z,16731257,1677643199,2023-03-01T03:59:59.000Z,
2023-03-01T05:00:00Z,16731552,1677646799,2023-03-01T04:59:59.000Z,
2023-03-01T06:00:00Z,16731850,1677650399,2023-03-01T05:59:59.000Z,
2023-03-01T07:00:00Z,16732146,1677653999,2023-03-01T06:59:59.000Z,
2023-03-01T08:00:00Z,16732443,1677657599,2023-03-01T07:59:59.000Z,
2023-03-01T09:00:00Z,16732742,1677661199,2023-03-01T08:59:59.000Z,
2023-03-01T10:00:00Z,16733038,1677664799,2023-03-01T09:59:59.000Z,
2023-03-01T11:00:00Z,16733335,1677668399,2023-03-01T10:59:59.000Z,
2023-03-01T12:00:00Z,16733631,1677671999,2023-03-01T11:59:59.000Z,
2023-03-01T13:00:00Z,16733926,1677675599,2023-03-01T12:59:59.000Z,
2023-03-01T14:00:00Z,16734223,1677679199,2023-03-01T13:59:59.000Z,
2023-03-01T15:00:00Z,16734518,1677682799,2023-03-01T14:59:59.000Z,
2023-03-01T16:00:00Z,16734815,1677686399,2023-03-01T15:59:59.000Z,
2023-03-01T17:00:00Z,16735112,1677689999,2023-03-01T16:59:59.000Z,
2023-03-01T18:00:00Z,16735409,1677693599,2023-03-01T17:59:59.000Z,
2023-03-01T19:00:00Z,16735705,1677697199,2023-03-01T18:59:59.000Z,
2023-03-01T20:00:00Z,16736002,1677700799,2023-03-01T19:59:59.000Z,
2023-03-01T21:00:00Z,16736297,1677704399,2023-03-01T20:59:59.000Z,
2023-03-01T22:00:00Z,16736596,1677707999,2023-03-01T21:59:59.000Z,
2023-03-01T23:00:00Z,16736892,1677711599,2023-03-01T22:59:59.000Z,
2023-03-02T00:00:00Z,16737189,1677715199,2023-03-01T23:59:59.000Z,
2023-03-02T01:00:00Z,16737480,1677718799,2023-03-02T00:59:59.000Z,
2023-03-02T02:00:00Z,16737777,1677722399,2023-03-02T01:59:59.000Z,
2023-03-02T03:00:00Z,16738075,1677725999,2023-03-02T02:59:59.000Z,
2023-03-02T04:00:00Z,16738373,1677729599,2023-03-02T03:59:59.000Z,
2023-03-02T05:00:00Z,16738669,1677733199,2023-03-02T04:59:59.000Z,
2023-03-02T06:00:00Z,16738962,1677736799,2023-03-02T05:59:59.000Z,
2023-03-02T07:00:00Z,16739259,1677740399,2023-03-02T06:59:59.000Z,
2023-03-02T08:00:00Z,16739553,1677743999,2023-03-02T07:59:59.000Z,
2023-03-02T09:00:00Z,16739851,1677747599,2023-03-02T08:59:59.000Z,
2023-03-02T10:00:00Z,16740149,1677751199,2023-03-02T09:59:59.000Z,
2023-03-02T11:00:00Z,16740445,1677754799,2023-03-02T10:59:59.000Z,
2023-03-02T12:00:00Z,16740742,1677758399,2023-03-02T11:59:59.000Z,
2023-03-02T13:00:00Z,16741035,1677761999,2023-03-02T12:59:59.000Z,
2023-03-02T14:00:00Z,16741330,1677765599,2023-03-02T13:59:59.000Z,
2023-03-02T15:00:00Z,16741625,1677769199,2023-03-02T14:59:59.000Z,
2023-03-02T16:00:00Z,16741921,1677772799,2023-03-02T15:59:59.000Z,
2023-03-02T17:00:00Z,16742213,1677776399,2023-03-02T16:59:59.000Z,
2023-03-02T18:00:00Z,16742506,1677779999,2023-03-02T17:59:59.000Z,
2023-03-02T19:00:00Z,16742803,1677783599,2023-03-02T18:59:59.000Z,
2023-03-02T20:00:00Z,16743096,1677787199,2023-03-02T19:59:59.000Z,
2023-03-02T21:00:00Z,16743396,1677790799,2023-03-02T20:59:59.000Z,
2023-03-02T22:00:00Z,16743693,1677794399,2023-03-02T21:59:59.000Z,
2023-03-02T23:00:00Z,16743991,1677797999,2023-03-02T22:59:59.000Z,
2023-03-03T00:00:00Z,16744288,1677801599,2023-03-02T23:59:59.000Z,
2023-03-03T01:00:00Z,16744580,1677805199,2023-03-03T00:59:59.000Z,
2023-03-03T02:00:00Z,16744871,1677808799,2023-03-03T01:59:59.000Z,
2023-03-03T03:00:00Z,16745166,1677812399,2023-03-03T02:59:59.000Z,
2023-03-03T04:00:00Z,16745463,1677815999,2023-03-03T03:59:59.000Z,
2023-03-03T05:00:00Z,16745763,1677819599,2023-03-03T04:59:59.000Z,
2023-03-03T06:00:00Z,16746060,1677823199,2023-03-03T05:59:59.000Z,
2023-03-03T07:00:00Z,16746359,1677826799,2023-03-03T06:59:59.000Z,
2023-03-03T08:00:00Z,16746653,1677830399,2023-03-03T07:59:59.000Z,
2023-03-03T09:00:00Z,16746953,1677833999,2023-03-03T08:59:59.000Z,
2023-03-03T10:00:00Z,16747252,1677837599,2023-03-03T09:59:59.000Z,
2023-03-03T11:00:00Z,16747546,1677841199,2023-03-03T10:59:59.000Z,
2023-03-03T12:00:00Z,16747843,1677844799,2023-03-03T11:59:59.000Z,
2023-03-03T13:00:00Z,16748137,1677848399,2023-03-03T12:59:59.000Z,
2023-03-03T14:00:00Z,16748432,1677851999,2023-03-03T13:59:59.000Z,
2023-03-03T15:00:00Z,16748731,1677855599,2023-03-03T14:59:59.000Z,
2023-03-03T16:00:00Z,16749030,1677859199,2023-03-03T15:59:59.000Z,
2023-03-03T17:00:00Z,16749324,1677862787,2023-03-03T16:59:47.000Z,
2023-03-03T18:00:00Z,16749620,1677866399,2023-03-03T17:59:59.000Z,
2023-03-03T19:00:00Z,16749917,1677869999,2023-03-03T18:59:59.000Z,
2023-03-03T20:00:00Z,16750210,1677873599,2023-03-03T19:59:59.000Z,
2023-03-03T21:00:00Z,16750503,1677877199,2023-03-03T20:59:59.000Z,
2023-03-03T22:00:00Z,16750799,1677880799,2023-03-03T21:59:59.000Z,
2023-03-03T23:00:00Z,16751091,1677884399,2023-03-03T22:59:59.000Z,
2023-03-04T00:00:00Z,16751386,1677887987,2023-03-03T23:59:47.000Z,
2023-03-04T01:00:00Z,16751684,1677891599,2023-03-04T00:59:59.000Z,
2023-03-04T02:00:00Z,16751978,1677895199,2023-03-04T01:59:59.000Z,
2023-03-04T03:00:00Z,16752273,1677898799,2023-03-04T02:59:59.000Z,
2023-03-04T04:00:00Z,16752571,1677902399,2023-03-04T03:59:59.000Z,
2023-03-04T05:00:00Z,16752868,1677905999,2023-03-04T04:59:59.000Z,
2023-03-04T06:00:00Z,16753167,1677909599,2023-03-04T05:59:59.000Z,
2023-03-04T07:00:00Z,16753460,1677913199,2023-03-04T06:59:59.000Z,
2023-03-04T08:00:00Z,16753753,1677916799,2023-03-04T07:59:59.000Z,
2023-03-04T09:00:00Z,16754048,1677920399,2023-03-04T08:59:59.000Z,
2023-03-04T10:00:00Z,16754346,1677923999,2023-03-04T09:59:59.000Z,
2023-03-04T11:00:00Z,16754642,1677927599,2023-03-04T10:59:59.000Z,
2023-03-04T12:00:00Z,16754936,1677931199,2023-03-04T11:59:59.000Z,
2023-03-04T13:00:00Z,16755232,1677934799,2023-03-04T12:59:59.000Z,
2023-03-04T14:00:00Z,16755530,1677938399,2023-03-04T13:59:59.000Z,
2023-03-04T15:00:00Z,16755827,1677941999,2023-03-04T14:59:59.000Z,
2023-03-04T16:00:00Z,16756121,1677945599,2023-03-04T15:59:59.000Z,
2023-03-04T17:00:00Z,16756418,1677949187,2023-03-04T16:59:47.000Z,
2023-03-04T18:00:00Z,16756716,1677952799,2023-03-04T17:59:59.000Z,
2023-03-04T19:00:00Z,16757014,1677956399,2023-03-04T18:59:59.000Z,
2023-03-04T20:00:00Z,16757308,1677959999,2023-03-04T19:59:59.000Z,
2023-03-04T21:00:00Z,16757604,1677963599,2023-03-04T20:59:59.000Z,
2023-03-04T22:00:00Z,16757902,1677967199,2023-03-04T21:59:59.000Z,
2023-03-04T23:00:00Z,16758199,1677970799,2023-03-04T22:59:59.000Z,
2023-03-05T00:00:00Z,16758495,1677974399,2023-03-04T23:59:59.000Z,
2023-03-05T01:00:00Z,16758793,1677977999,2023-03-05T00:59:59.000Z,
2023-03-05T02:00:00Z,16759092,1677981599,2023-03-05T01:59:59.000Z,
2023-03-05T03:00:00Z,16759391,1677985199,2023-03-05T02:59:59.000Z,
2023-03-05T04:00:00Z,16759689,1677988799,2023-03-05T03:59:59.000Z,
2023-03-05T05:00:00Z,16759988,1677992399,2023-03-05T04:59:59.000Z,
2023-03-05T06:00:00Z,16760283,1677995999,2023-03-05T05:59:59.000Z,
2023-03-05T07:00:00Z,16760578,1677999599,2023-03-05T06:59:59.000Z,
2023-03-05T08:00:00Z,16760873,1678003187,2023-03-05T07:59:47.000Z,
2023-03-05T09:00:00Z,16761171,1678006799,2023-03-05T08:59:59.000Z,
2023-03-05T10:00:00Z,16761465,1678010399,2023-03-05T09:59:59.000Z,
2023-03-05T11:00:00Z,16761762,1678013999,2023-03-05T10:59:59.000Z,
2023-03-05T12:00:00Z,16762055,1678017587,2023-03-05T11:59:47.000Z,
2023-03-05T13:00:00Z,16762354,1678021199,2023-03-05T12:59:59.000Z,
2023-03-05T14:00:00Z,16762650,1678024799,2023-03-05T13:59:59.000Z,
2023-03-05T15:00:00Z,16762945,1678028399,2023-03-05T14:59:59.000Z,
2023-03-05T16:00:00Z,16763242,1678031999,2023-03-05T15:59:59.000Z,
2023-03-05T17:00:00Z,16763539,1678035599,2023-03-05T16:59:59.000Z,
2023-03-05T18:00:00Z,16763835,1678039199,2023-03-05T17:59:59.000Z,
2023-03-05T19:00:00Z,16764130,1678042799,2023-03-05T18:59:59.000Z,
2023-03-05T20:00:00Z,16764428,1678046399,2023-03-05T19:59:59.000Z,
2023-03-05T21:00:00Z,16764725,1678049999,2023-03-05T20:59:59.000Z,
2023-03-05T22:00:00Z,16765022,1678053599,2023-03-05T21:59:59.000Z,
2023-03-05T23:00:00Z,16765319,1678057199,2023-03-05T22:59:59.000Z,
2023-03-06T00:00:00Z,16765615,1678060799,2023-03-05T23:59:59.000Z,
2023-03-06T01:00:00Z,16765910,1678064399,2023-03-06T00:59:59.000Z,
2023-03-06T02:00:00Z,16766207,1678067999,2023-03-06T01:59:59.000Z,
2023-03-06T03:00:00Z,16766505,1678071599,2023-03-06T02:59:59.000Z,
2023-03-06T04:00:00Z,16766801,1678075199,2023-03-06T03:59:59.000Z,
2023-03-06T05:00:00Z,16767100,1678078799,2023-03-06T04:59:59.000Z,
2023-03-06T06:00:00Z,16767397,1678082399,2023-03-06T05:59:59.000Z,
2023-03-06T07:00:00Z,16767691,1678085999,2023-03-06T06:59:59.000Z,
2023-03-06T08:00:00Z,16767987,1678089599,2023-03-06T07:59:59.000Z,
2023-03-06T09:00:00Z,16768286,1678093199,2023-03-06T08:59:59.000Z,
2023-03-06T10:00:00Z,16768580,1678096799,2023-03-06T09:59:59.000Z,
2023-03-06T11:00:00Z,16768873,1678100399,2023-03-06T10:59:59.000Z,
2023-03-06T12:00:00Z,16769171,1678103999,2023-03-06T11:59:59.000Z,
2023-03-06T13:00:00Z,16769468,1678107599,2023-03-06T12:59:59.000Z,
2023-03-06T14:00:00Z,16769764,1678111199,2023-03-06T13:59:59.000Z,
2023-03-06T15:00:00Z,16770062,1678114799,2023-03-06T14:59:59.000Z,
2023-03-06T16:00:00Z,16770357,1678118399,2023-03-06T15:59:59.000Z,
2023-03-06T17:00:00Z,16770656,1678121999,2023-03-06T16:59:59.000Z,
2023-03-06T18:00:00Z,16770953,1678125599,2023-03-06T17:59:59.000Z,
2023-03-06T19:00:00Z,16771248,1678129199,2023-03-06T18:59:59.000Z,
2023-03-06T20:00:00Z,16771542,1678132799,2023-03-06T19:59:59.000Z,
2023-03-06T21:00:00Z,16771836,1678136399,2023-03-06T20:59:59.000Z,
2023-03-06T22:00:00Z,16772131,1678139999,2023-03-06T21:59:59.000Z,
2023-03-06T23:00:00Z,16772430,1678143599,2023-03-06T22:59:59.000Z,
2023-03-07T00:00:00Z,16772727,1678147199,2023-03-06T23:59:59.000Z,
2023-03-07T01:00:00Z,16773023,1678150799,2023-03-07T00:59:59.000Z,
2023-03-07T02:00:00Z,16773320,1678154387,2023-03-07T01:59:47.000Z,
2023-03-07T03:00:00Z,16773617,1678157999,2023-03-07T02:59:59.000Z,
2023-03-07T04:00:00Z,16773916,1678161599,2023-03-07T03:59:59.000Z,
2023-03-07T05:00:00Z,16774209,1678165199,2023-03-07T04:59:59.000Z,
2023-03-07T06:00:00Z,16774503,1678168799,2023-03-07T05:59:59.000Z,
2023-03-07T07:00:00Z,16774800,1678172399,2023-03-07T06:59:59.000Z,
2023-03-07T08:00:00Z,16775097,1678175999,2023-03-07T07:59:59.000Z,
2023-03-07T09:00:00Z,16775396,1678179599,2023-03-07T08:59:59.000Z,
2023-03-07T10:00:00Z,16775692,1678183199,2023-03-07T09:59:59.000Z,
2023-03-07T11:00:00Z,16775988,1678186799,2023-03-07T10:59:59.000Z,
2023-03-07T12:00:00Z,16776283,1678190399,2023-03-07T11:59:59.000Z,
2023-03-07T13:00:00Z,16776582,1678193999,2023-03-07T12:59:59.000Z,
2023-03-07T14:00:00Z,16776875,1678197599,2023-03-07T13:59:59.000Z,
2023-03-07T15:00:00Z,16777172,1678201199,2023-03-07T14:59:59.000Z,
2023-03-07T16:00:00Z,16777471,1678204799,2023-03-07T15:59:59.000Z,
2023-03-07T17:00:00Z,16777766,1678208399,2023-03-07T16:59:59.000Z,
2023-03-07T18:00:00Z,16778061,1678211999,2023-03-07T17:59:59.000Z,
2023-03-07T19:00:00Z,16778357,1678215599,2023-03-07T18:59:59.000Z,
2023-03-07T20:00:00Z,16778653,1678219199,2023-03-07T19:59:59.000Z,
2023-03-07T21:00:00Z,16778951,1678222799,2023-03-07T20:59:59.000Z,
2023-03-07T22:00:00Z,16779248,1678226399,2023-03-07T21:59:59.000Z,
2023-03-07T23:00:00Z,16779547,1678229999,2023-03-07T22:59:59.000Z,
2023-03-08T00:00:00Z,16779843,1678233599,2023-03-07T23:59:59.000Z,
2023-03-08T01:00:00Z,16780136,1678237199,2023-03-08T00:59:59.000Z,
2023-03-08T02:00:00Z,16780435,1678240799,2023-03-08T01:59:59.000Z,
2023-03-08T03:00:00Z,16780732,1678244399,2023-03-08T02:59:59.000Z,
2023-03-08T04:00:00Z,16781024,1678247999,2023-03-08T03:59:59.000Z,
2023-03-08T05:00:00Z,16781320,1678251599,2023-03-08T04:59:59.000Z,
2023-03-08T06:00:00Z,16781617,1678255199,2023-03-08T05:59:59.000Z,
2023-03-08T07:00:00Z,16781915,1678258799,2023-03-08T06:59:59.000Z,
2023-03-08T08:00:00Z,16782212,1678262399,2023-03-08T07:59:59.000Z,
2023-03-08T09:00:00Z,16782508,1678265999,2023-03-08T08:59:59.000Z,
2023-03-08T10:00:00Z,16782807,1678269599,2023-03-08T09:59:59.000Z,
2023-03-08T11:00:00Z,16783104,1678273199,2023-03-08T10:59:59.000Z,
2023-03-08T12:00:00Z,16783395,1678276799,2023-03-08T11:59:59.000Z,
2023-03-08T13:00:00Z,16783694,1678280399,2023-03-08T12:59:59.000Z,
2023-03-08T14:00:00Z,16783991,1678283999,2023-03-08T13:59:59.000Z,
2023-03-08T15:00:00Z,16784287,1678287599,2023-03-08T14:59:59.000Z,
2023-03-08T16:00:00Z,16784586,1678291199,2023-03-08T15:59:59.000Z,
2023-03-08T17:00:00Z,16784879,1678294799,2023-03-08T16:59:59.000Z,
2023-03-08T18:00:00Z,16785176,1678298399,2023-03-08T17:59:59.000Z,
2023-03-08T19:00:00Z,16785469,1678301999,2023-03-08T18:59:59.000Z,
2023-03-08T20:00:00Z,16785766,1678305599,2023-03-08T19:59:59.000Z,
2023-03-08T21:00:00Z,16786062,1678309199,2023-03-08T20:59:59.000Z,
2023-03-08T22:00:00Z,16786361,1678312799,2023-03-08T21:59:59.000Z,
2023-03-08T23:00:00Z,16786652,1678316387,2023-03-08T22:59:47.000Z,
2023-03-09T00:00:00Z,16786948,1678319999,2023-03-08T23:59:59.000Z,
2023-03-09T01:00:00Z,16787245,1678323599,2023-03-09T00:59:59.000Z,
2023-03-09T02:00:00Z,16787545,1678327199,2023-03-09T01:59:59.000Z,
2023-03-09T03:00:00Z,16787837,1678330799,2023-03-09T02:59:59.000Z,
2023-03-09T04:00:00Z,16788130,1678334387,2023-03-09T03:59:47.000Z,
2023-03-09T05:00:00Z,16788428,1678337999,2023-03-09T04:59:59.000Z,
2023-03-09T06:00:00Z,16788725,1678341599,2023-03-09T05:59:59.000Z,
2023-03-09T07:00:00Z,16789023,1678345199,2023-03-09T06:59:59.000Z,
2023-03-09T08:00:00Z,16789320,1678348799,2023-03-09T07:59:59.000Z,
2023-03-09T09:00:00Z,16789617,1678352399,2023-03-09T08:59:59.000Z,
2023-03-09T10:00:00Z,16789915,1678355999,2023-03-09T09:59:59.000Z,
2023-03-09T11:00:00Z,16790214,1678359599,2023-03-09T10:59:59.000Z,
2023-03-09T12:00:00Z,16790510,1678363199,2023-03-09T11:59:59.000Z,
2023-03-09T13:00:00Z,16790808,1678366799,2023-03-09T12:59:59.000Z,
2023-03-09T14:00:00Z,16791100,1678370399,2023-03-09T13:59:59.000Z,
2023-03-09T15:00:00Z,16791396,1678373999,2023-03-09T14:59:59.000Z,
2023-03-09T16:00:00Z,16791695,1678377599,2023-03-09T15:59:59.000Z,
2023-03-09T17:00:00Z,16791995,1678381199,2023-03-09T16:59:59.000Z,
2023-03-09T18:00:00Z,16792289,1678384799,2023-03-09T17:59:59.000Z,
2023-03-09T19:00:00Z,16792584,1678388399,2023-03-09T18:59:59.000Z,
2023-03-09T20:00:00Z,16792880,1678391999,2023-03-09T19:59:59.000Z,
2023-03-09T21:00:00Z,16793171,1678395599,2023-03-09T20:59:59.000Z,
2023-03-09T22:00:00Z,16793469,1678399199,2023-03-09T21:59:59.000Z,
2023-03-09T23:00:00Z,16793767,1678402799,2023-03-09T22:59:59.000Z,
2023-03-10T00:00:00Z,16794061,1678406399,2023-03-09T23:59:59.000Z,
2023-03-10T01:00:00Z,16794357,1678409999,2023-03-10T00:59:59.000Z,
2023-03-10T02:00:00Z,16794649,1678413599,2023-03-10T01:59:59.000Z,
2023-03-10T03:00:00Z,16794943,1678417199,2023-03-10T02:59:59.000Z,
2023-03-10T04:00:00Z,16795238,1678420799,2023-03-10T03:59:59.000Z,
2023-03-10T05:00:00Z,16795536,1678424399,2023-03-10T04:59:59.000Z,
2023-03-10T06:00:00Z,16795830,1678427999,2023-03-10T05:59:59.000Z,
2023-03-10T07:00:00Z,16796124,1678431599,2023-03-10T06:59:59.000Z,
2023-03-10T08:00:00Z,16796418,1678435199,2023-03-10T07:59:59.000Z,
2023-03-10T09:00:00Z,16796711,1678438799,2023-03-10T08:59:59.000Z,
2023-03-10T10:00:00Z,16797003,1678442399,2023-03-10T09:59:59.000Z,
2023-03-10T11:00:00Z,16797293,1678445999,2023-03-10T10:59:59.000Z,
2023-03-10T12:00:00Z,16797588,1678449599,2023-03-10T11:59:59.000Z,
2023-03-10T13:00:00Z,16797884,1678453199,2023-03-10T12:59:59.000Z,
2023-03-10T14:00:00Z,16798181,1678456799,2023-03-10T13:59:59.000Z,
2023-03-10T15:00:00Z,16798475,1678460399,2023-03-10T14:59:59.000Z,
2023-03-10T16:00:00Z,16798773,1678463999,2023-03-10T15:59:59.000Z,
2023-03-10T17:00:00Z,16799068,1678467599,2023-03-10T16:59:59.000Z,
2023-03-10T18:00:00Z,16799366,1678471199,2023-03-10T17:59:59.000Z,
2023-03-10T19:00:00Z,16799658,1678474799,2023-03-10T18:59:59.000Z,
2023-03-10T20:00:00Z,16799956,1678478399,2023-03-10T19:59:59.000Z,
2023-03-10T21:00:00Z,16800254,1678481999,2023-03-10T20:59:59.000Z,
2023-03-10T22:00:00Z,16800549,1678485599,2023-03-10T21:59:59.000Z,
2023-03-10T23:00:00Z,16800848,1678489199,2023-03-10T22:59:59.000Z,
2023-03-11T00:00:00Z,16801143,1678492799,2023-03-10T23:59:59.000Z,
2023-03-11T01:00:00Z,16801441,1678496399,2023-03-11T00:59:59.000Z,
2023-03-11T02:00:00Z,16801739,1678499999,2023-03-11T01:59:59.000Z,
2023-03-11T03:00:00Z,16802034,1678503599,2023-03-11T02:59:59.000Z,
2023-03-11T04:00:00Z,16802331,1678507199,2023-03-11T03:59:59.000Z,
2023-03-11T05:00:00Z,16802627,1678510799,2023-03-11T04:59:59.000Z,
2023-03-11T06:00:00Z,16802921,1678514399,2023-03-11T05:59:59.000Z,
2023-03-11T07:00:00Z,16803216,1678517999,2023-03-11T06:59:59.000Z,
2023-03-11T08:00:00Z,16803515,1678521599,2023-03-11T07:59:59.000Z,
2023-03-11T09:00:00Z,16803809,1678525199,2023-03-11T08:59:59.000Z,
2023-03-11T10:00:00Z,16804108,1678528799,2023-03-11T09:59:59.000Z,
2023-03-11T11:00:00Z,16804403,1678532399,2023-03-11T10:59:59.000Z,
2023-03-11T12:00:00Z,16804701,1678535999,2023-03-11T11:59:59.000Z,
2023-03-11T13:00:00Z,16805000,1678539599,2023-03-11T12:59:59.000Z,
2023-03-11T14:00:00Z,16805295,1678543199,2023-03-11T13:59:59.000Z,
2023-03-11T15:00:00Z,16805591,1678546799,2023-03-11T14:59:59.000Z,
2023-03-11T16:00:00Z,16805885,1678550399,2023-03-11T15:59:59.000Z,
2023-03-11T17:00:00Z,16806180,1678553999,2023-03-11T16:59:59.000Z,
2023-03-11T18:00:00Z,16806477,1678557599,2023-03-11T17:59:59.000Z,
2023-03-11T19:00:00Z,16806774,1678561199,2023-03-11T18:59:59.000Z,
2023-03-11T20:00:00Z,16807070,1678564799,2023-03-11T19:59:59.000Z,
2023-03-11T21:00:00Z,16807362,1678568399,2023-03-11T20:59:59.000Z,
2023-03-11T22:00:00Z,16807660,1678571999,2023-03-11T21:59:59.000Z,
2023-03-11T23:00:00Z,16807958,1678575599,2023-03-11T22:59:59.000Z,
2023-03-12T00:00:00Z,16808257,1678579199,2023-03-11T23:59:59.000Z,
2023-03-12T01:00:00Z,16808550,1678582799,2023-03-12T00:59:59.000Z,
2023-03-12T02:00:00Z,16808846,1678586399,2023-03-12T01:59:59.000Z,
2023-03-12T03:00:00Z,16809139,1678589999,2023-03-12T02:59:59.000Z,
2023-03-12T04:00:00Z,16809435,1678593587,2023-03-12T03:59:47.000Z,
2023-03-12T05:00:00Z,16809733,1678597211,2023-03-12T05:00:11.000Z,
2023-03-12T06:00:00Z,16810025,1678600799,2023-03-12T05:59:59.000Z,
2023-03-12T07:00:00Z,16810318,1678604399,2023-03-12T06:59:59.000Z,
2023-03-12T08:00:00Z,16810615,1678607987,2023-03-12T07:59:47.000Z,
2023-03-12T09:00:00Z,16810913,1678611599,2023-03-12T08:59:59.000Z,
2023-03-12T10:00:00Z,16811212,1678615199,2023-03-12T09:59:59.000Z,
2023-03-12T11:00:00Z,16811507,1678618799,2023-03-12T10:59:59.000Z,
2023-03-12T12:00:00Z,16811806,1678622399,2023-03-12T11:59:59.000Z,
2023-03-12T13:00:00Z,16812101,1678625999,2023-03-12T12:59:59.000Z,
2023-03-12T14:00:00Z,16812399,1678629599,2023-03-12T13:59:59.000Z,
2023-03-12T15:00:00Z,16812697,1678633199,2023-03-12T14:59:59.000Z,
2023-03-12T16:00:00Z,16812993,1678636799,2023-03-12T15:59:59.000Z,
2023-03-12T17:00:00Z,16813290,1678640399,2023-03-12T16:59:59.000Z,
2023-03-12T18:00:00Z,16813588,1678643999,2023-03-12T17:59:59.000Z,
2023-03-12T19:00:00Z,16813885,1678647599,2023-03-12T18:59:59.000Z,
2023-03-12T20:00:00Z,16814181,1678651199,2023-03-12T19:59:59.000Z,
2023-03-12T21:00:00Z,16814481,1678654799,2023-03-12T20:59:59.000Z,
2023-03-12T22:00:00Z,16814775,1678658387,2023-03-12T21:59:47.000Z,
2023-03-12T23:00:00Z,16815072,1678661999,2023-03-12T22:59:59.000Z,
2023-03-13T00:00:00Z,16815366,1678665599,2023-03-12T23:59:59.000Z,
2023-03-13T01:00:00Z,16815658,1678669199,2023-03-13T00:59:59.000Z,
2023-03-13T02:00:00Z,16815957,1678672799,2023-03-13T01:59:59.000Z,
2023-03-13T03:00:00Z,16816253,1678676399,2023-03-13T02:59:59.000Z,
2023-03-13T04:00:00Z,16816549,1678679999,2023-03-13T03:59:59.000Z,
2023-03-13T05:00:00Z,16816846,1678683599,2023-03-13T04:59:59.000Z,
2023-03-13T06:00:00Z,16817145,1678687199,2023-03-13T05:59:59.000Z,
2023-03-13T07:00:00Z,16817442,1678690799,2023-03-13T06:59:59.000Z,
2023-03-13T08:00:00Z,16817742,1678694399,2023-03-13T07:59:59.000Z,
2023-03-13T09:00:00Z,16818041,1678697999,2023-03-13T08:59:59.000Z,
2023-03-13T10:00:00Z,16818336,1678701599,2023-03-13T09:59:59.000Z,
2023-03-13T11:00:00Z,16818633,1678705199,2023-03-13T10:59:59.000Z,
2023-03-13T12:00:00Z,16818931,1678708799,2023-03-13T11:59:59.000Z,
2023-03-13T13:00:00Z,16819226,1678712399,2023-03-13T12:59:59.000Z,
2023-03-13T14:00:00Z,16819522,1678715999,2023-03-13T13:59:59.000Z,
2023-03-13T15:00:00Z,16819818,1678719599,2023-03-13T14:59:59.000Z,
2023-03-13T16:00:00Z,16820114,1678723199,2023-03-13T15:59:59.000Z,
2023-03-13T17:00:00Z,16820408,1678726799,2023-03-13T16:59:59.000Z,
2023-03-13T18:00:00Z,16820707,1678730399,2023-03-13T17:59:59.000Z,
2023-03-13T19:00:00Z,16821007,1678733999,2023-03-13T18:59:59.000Z,
2023-03-13T20:00:00Z,16821302,1678737599,2023-03-13T19:59:59.000Z,
2023-03-13T21:00:00Z,16821599,1678741199,2023-03-13T20:59:59.000Z,
2023-03-13T22:00:00Z,16821898,1678744799,2023-03-13T21:59:59.000Z,
2023-03-13T23:00:00Z,16822194,1678748399,2023-03-13T22:59:59.000Z,
2023-03-14T00:00:00Z,16822491,1678751999,2023-03-13T23:59:59.000Z,
2023-03-14T01:00:00Z,16822786,1678755599,2023-03-14T00:59:59.000Z,
2023-03-14T02:00:00Z,16823081,1678759199,2023-03-14T01:59:59.000Z,
2023-03-14T03:00:00Z,16823378,1678762799,2023-03-14T02:59:59.000Z,
2023-03-14T04:00:00Z,16823672,1678766399,2023-03-14T03:59:59.000Z,
2023-03-14T05:00:00Z,16823970,1678769999,2023-03-14T04:59:59.000Z,
2023-03-14T06:00:00Z,16824267,1678773599,2023-03-14T05:59:59.000Z,
2023-03-14T07:00:00Z,16824562,1678777199,2023-03-14T06:59:59.000Z,
2023-03-14T08:00:00Z,16824858,1678780799,2023-03-14T07:59:59.000Z,
2023-03-14T09:00:00Z,16825154,1678784399,2023-03-14T08:59:59.000Z,
2023-03-14T10:00:00Z,16825451,1678787999,2023-03-14T09:59:59.000Z,
2023-03-14T11:00:00Z,16825751,1678791599,2023-03-14T10:59:59.000Z,
2023-03-14T12:00:00Z,16826046,1678795199,2023-03-14T11:59:59.000Z,
2023-03-14T13:00:00Z,16826344,1678798799,2023-03-14T12:59:59.000Z,
2023-03-14T14:00:00Z,16826644,1678802399,2023-03-14T13:59:59.000Z,
2023-03-14T15:00:00Z,16826941,1678805999,2023-03-14T14:59:59.000Z,
2023-03-14T16:00:00Z,16827240,1678809599,2023-03-14T15:59:59.000Z,
2023-03-14T17:00:00Z,16827538,1678813199,2023-03-14T16:59:59.000Z,
2023-03-14T18:00:00Z,16827833,1678816799,2023-03-14T17:59:59.000Z,
2023-03-14T19:00:00Z,16828129,1678820399,2023-03-14T18:59:59.000Z,
2023-03-14T20:00:00Z,16828427,1678823999,2023-03-14T19:59:59.000Z,
2023-03-14T21:00:00Z,16828722,1678827599,2023-03-14T20:59:59.000Z,
2023-03-14T22:00:00Z,16829016,1678831199,2023-03-14T21:59:59.000Z,
2023-03-14T23:00:00Z,16829312,1678834799,2023-03-14T22:59:59.000Z,
2023-03-15T00:00:00Z,16829609,1678838399,2023-03-14T23:59:59.000Z,
2023-03-15T01:00:00Z,16829904,1678841999,2023-03-15T00:59:59.000Z,
2023-03-15T02:00:00Z,16830199,1678845599,2023-03-15T01:59:59.000Z,
2023-03-15T03:00:00Z,16830495,1678849199,2023-03-15T02:59:59.000Z,
2023-03-15T04:00:00Z,16830790,1678852787,2023-03-15T03:59:47.000Z,
2023-03-15T05:00:00Z,16831088,1678856399,2023-03-15T04:59:59.000Z,
2023-03-15T06:00:00Z,16831383,1678859999,2023-03-15T05:59:59.000Z,
2023-03-15T07:00:00Z,16831680,1678863599,2023-03-15T06:59:59.000Z,
2023-03-15T08:00:00Z,16831978,1678867211,2023-03-15T08:00:11.000Z,
2023-03-15T09:00:00Z,16832271,1678870799,2023-03-15T08:59:59.000Z,
2023-03-15T10:00:00Z,16832567,1678874399,2023-03-15T09:59:59.000Z,
2023-03-15T11:00:00Z,16832859,1678877999,2023-03-15T10:59:59.000Z,
2023-03-15T12:00:00Z,16833154,1678881599,2023-03-15T11:59:59.000Z,
2023-03-15T13:00:00Z,16833449,1678885199,2023-03-15T12:59:59.000Z,
2023-03-15T14:00:00Z,16833744,1678888799,2023-03-15T13:59:59.000Z,
2023-03-15T15:00:00Z,16834042,1678892399,2023-03-15T14:59:59.000Z,
2023-03-15T16:00:00Z,16834340,1678895999,2023-03-15T15:59:59.000Z,
2023-03-15T17:00:00Z,16834638,1678899599,2023-03-15T16:59:59.000Z,
2023-03-15T18:00:00Z,16834935,1678903199,2023-03-15T17:59:59.000Z,
2023-03-15T19:00:00Z,16835232,1678906799,2023-03-15T18:59:59.000Z,
2023-03-15T20:00:00Z,16835530,1678910399,2023-03-15T19:59:59.000Z,
2023-03-15T21:00:00Z,16835825,1678914011,2023-03-15T21:00:11.000Z,
2023-03-15T22:00:00Z,16836119,1678917599,2023-03-15T21:59:59.000Z,
2023-03-15T23:00:00Z,16836414,1678921199,2023-03-15T22:59:59.000Z,
2023-03-16T00:00:00Z,16836710,1678924799,2023-03-15T23:59:59.000Z,
2023-03-16T01:00:00Z,16837007,1678928399,2023-03-16T00:59:59.000Z,
2023-03-16T02:00:00Z,16837303,1678931999,2023-03-16T01:59:59.000Z,
2023-03-16T03:00:00Z,16837601,1678935599,2023-03-16T02:59:59.000Z,
2023-03-16T04:00:00Z,16837899,1678939199,2023-03-16T03:59:59.000Z,
2023-03-16T05:00:00Z,16838194,1678942799,2023-03-16T04:59:59.000Z,
2023-03-16T06:00:00Z,16838493,1678946399,2023-03-16T05:59:59.000Z,
2023-03-16T07:00:00Z,16838792,1678949999,2023-03-16T06:59:59.000Z,
2023-03-16T08:00:00Z,16839088,1678953611,2023-03-16T08:00:11.000Z,
2023-03-16T09:00:00Z,16839380,1678957199,2023-03-16T08:59:59.000Z,
2023-03-16T10:00:00Z,16839677,1678960799,2023-03-16T09:59:59.000Z,
2023-03-16T11:00:00Z,16839971,1678964399,2023-03-16T10:59:59.000Z,
2023-03-16T12:00:00Z,16840268,1678967999,2023-03-16T11:59:59.000Z,
2023-03-16T13:00:00Z,16840561,1678971599,2023-03-16T12:59:59.000Z,
2023-03-16T14:00:00Z,16840859,1678975199,2023-03-16T13:59:59.000Z,
2023-03-16T15:00:00Z,16841156,1678978799,2023-03-16T14:59:59.000Z,
2023-03-16T16:00:00Z,16841454,1678982399,2023-03-16T15:59:59.000Z,
2023-03-16T17:00:00Z,16841752,1678985999,2023-03-16T16:59:59.000Z,
2023-03-16T18:00:00Z,16842048,1678989587,2023-03-16T17:59:47.000Z,
2023-03-16T19:00:00Z,16842342,1678993199,2023-03-16T18:59:59.000Z,
2023-03-16T20:00:00Z,16842637,1678996799,2023-03-16T19:59:59.000Z,
2023-03-16T21:00:00Z,16842933,1679000399,2023-03-16T20:59:59.000Z,
2023-03-16T22:00:00Z,16843230,1679003999,2023-03-16T21:59:59.000Z,
2023-03-16T23:00:00Z,16843529,1679007599,2023-03-16T22:59:59.000Z,
2023-03-17T00:00:00Z,16843829,1679011199,2023-03-16T23:59:59.000Z,
2023-03-17T01:00:00Z,16844128,1679014799,2023-03-17T00:59:59.000Z,
2023-03-17T02:00:00Z,16844426,1679018399,2023-03-17T01:59:59.000Z,
2023-03-17T03:00:00Z,16844721,1679021999,2023-03-17T02:59:59.000Z,
2023-03-17T04:00:00Z,16845018,1679025599,2023-03-17T03:59:59.000Z,
2023-03-17T05:00:00Z,16845317,1679029199,2023-03-17T04:59:59.000Z,
2023-03-17T06:00:00Z,16845613,1679032799,2023-03-17T05:59:59.000Z,
2023-03-17T07:00:00Z,16845912,1679036399,2023-03-17T06:59:59.000Z,
2023-03-17T08:00:00Z,16846207,1679039999,2023-03-17T07:59:59.000Z,
2023-03-17T09:00:00Z,16846506,1679043611,2023-03-17T09:00:11.000Z,
2023-03-17T10:00:00Z,16846800,1679047199,2023-03-17T09:59:59.000Z,
2023-03-17T11:00:00Z,16847096,1679050799,2023-03-17T10:59:59.000Z,
2023-03-17T12:00:00Z,16847393,1679054399,2023-03-17T11:59:59.000Z,
2023-03-17T13:00:00Z,16847687,1679057987,2023-03-17T12:59:47.000Z,
2023-03-17T14:00:00Z,16847984,1679061599,2023-03-17T13:59:59.000Z,
2023-03-17T15:00:00Z,16848279,1679065199,2023-03-17T14:59:59.000Z,
2023-03-17T16:00:00Z,16848574,1679068799,2023-03-17T15:59:59.000Z,
2023-03-17T17:00:00Z,16848869,1679072399,2023-03-17T16:59:59.000Z,
2023-03-17T18:00:00Z,16849168,1679075999,2023-03-17T17:59:59.000Z,
2023-03-17T19:00:00Z,16849464,1679079599,2023-03-17T18:59:59.000Z,
2023-03-17T20:00:00Z,16849760,1679083199,2023-03-17T19:59:59.000Z,
2023-03-17T21:00:00Z,16850058,1679086799,2023-03-17T20:59:59.000Z,
2023-03-17T22:00:00Z,16850354,1679090387,2023-03-17T21:59:47.000Z,
2023-03-17T23:00:00Z,16850649,1679093999,2023-03-17T22:59:59.000Z,
2023-03-18T00:00:00Z,16850945,1679097599,2023-03-17T23:59:59.000Z,
2023-03-18T01:00:00Z,16851242,1679101199,2023-03-18T00:59:59.000Z,
2023-03-18T02:00:00Z,16851538,1679104799,2023-03-18T01:59:59.000Z,
2023-03-18T03:00:00Z,16851835,1679108399,2023-03-18T02:59:59.000Z,
2023-03-18T04:00:00Z,16852126,1679111999,2023-03-18T03:59:59.000Z,
2023-03-18T05:00:00Z,16852423,1679115599,2023-03-18T04:59:59.000Z,
2023-03-18T06:00:00Z,16852719,1679119199,2023-03-18T05:59:59.000Z,
2023-03-18T07:00:00Z,16853017,1679122799,2023-03-18T06:59:59.000Z,
2023-03-18T08:00:00Z,16853312,1679126399,2023-03-18T07:59:59.000Z,
2023-03-18T09:00:00Z,16853609,1679129999,2023-03-18T08:59:59.000Z,
2023-03-18T10:00:00Z,16853908,1679133599,2023-03-18T09:59:59.000Z,
2023-03-18T11:00:00Z,16854203,1679137199,2023-03-18T10:59:59.000Z,
2023-03-18T12:00:00Z,16854499,1679140799,2023-03-18T11:59:59.000Z,
2023-03-18T13:00:00Z,16854797,1679144399,2023-03-18T12:59:59.000Z,
2023-03-18T14:00:00Z,16855093,1679147999,2023-03-18T13:59:59.000Z,
2023-03-18T15:00:00Z,16855390,1679151599,2023-03-18T14:59:59.000Z,
2023-03-18T16:00:00Z,,,,Unable to fetch block 16856697: could not detect network (event="noNetwork", code=NETWORK_ERROR, version=providers/5.7.2)
2023-03-18T17:00:00Z,,,,Unable to fetch block 1: could not detect network (event="noNetwork", code=NETWORK_ERROR, version=providers/5.7.2)
2023-03-18T18:00:00Z,,,,Unable to fetch block 1: could not detect network (event="noNetwork", code=NETWORK_ERROR, version=providers/5.7.2)
2023-03-18T19:00:00Z,,,,Unable to fetch block 1: could not detect network (event="noNetwork", code=NETWORK_ERROR, version=providers/5.7.2)
2023-03-18T20:00:00Z,,,,Unable to fetch block 1: could not detect network (event="noNetwork", code=NETWORK_ERROR, version=providers/5.7.2)
2023-03-18T21:00:00Z,,,,Unable to fetch block 1: could not detect network (event="noNetwork", code=NETWORK_ERROR, version=providers/5.7.2)
2023-03-18T22:00:00Z,,,,Unable to fetch block 1: could not detect network (event="noNetwork", code=NETWORK_ERROR, version=providers/5.7.2)
2023-03-18T23:00:00Z,,,,Unable to fetch block 1: could not detect network (event="noNetwork", code=NETWORK_ERROR, version=providers/5.7.2)
2023-03-19T00:00:00Z,,,,Unable to fetch block 1: could not detect network (event="noNetwork", code=NETWORK_ERROR, version=providers/5.7.2)
2023-03-19T01:00:00Z,,,,Unable to fetch block 1: could not detect network (event="noNetwork", code=NETWORK_ERROR, version=providers/5.7.2)
2023-03-19T02:00:00Z,,,,Unable to fetch block 1: could not detect network (event="noNetwork", code=NETWORK_ERROR, version=providers/5.7.2)
2023-03-19T03:00:00Z,,,,Unable to fetch block 1: could not detect network (event="noNetwork", code=NETWORK_ERROR, version=providers/5.7.2)
2023-03-19T04:00:00Z,16859248,1679198399,2023-03-19T03:59:59.000Z,
2023-03-19T05:00:00Z,16859546,1679201999,2023-03-19T04:59:59.000Z,
2023-03-19T06:00:00Z,,,,Unable to fetch block number: could not detect network (event="noNetwork", code=NETWORK_ERROR, version=providers/5.7.2)
2023-03-19T07:00:00Z,16860143,1679209199,2023-03-19T06:59:59.000Z,
2023-03-19T08:00:00Z,16860439,1679212799,2023-03-19T07:59:59.000Z,
2023-03-19T09:00:00Z,16860734,1679216399,2023-03-19T08:59:59.000Z,
2023-03-19T10:00:00Z,16861033,1679219999,2023-03-19T09:59:59.000Z,
2023-03-19T11:00:00Z,16861330,1679223599,2023-03-19T10:59:59.000Z,
2023-03-19T12:00:00Z,16861628,1679227199,2023-03-19T11:59:59.000Z,
2023-03-19T13:00:00Z,16861922,1679230799,2023-03-19T12:59:59.000Z,
2023-03-19T14:00:00Z,16862220,1679234399,2023-03-19T13:59:59.000Z,
2023-03-19T15:00:00Z,16862516,1679237999,2023-03-19T14:59:59.000Z,
2023-03-19T16:00:00Z,16862806,1679241599,2023-03-19T15:59:59.000Z,
2023-03-19T17:00:00Z,16863101,1679245199,2023-03-19T16:59:59.000Z,
2023-03-19T18:00:00Z,16863398,1679248799,2023-03-19T17:59:59.000Z,
2023-03-19T19:00:00Z,16863695,1679252399,2023-03-19T18:59:59.000Z,
2023-03-19T20:00:00Z,16863992,1679255999,2023-03-19T19:59:59.000Z,
2023-03-19T21:00:00Z,16864287,1679259599,2023-03-19T20:59:59.000Z,
2023-03-19T22:00:00Z,16864585,1679263199,2023-03-19T21:59:59.000Z,
2023-03-19T23:00:00Z,16864883,1679266799,2023-03-19T22:59:59.000Z,
2023-03-20T00:00:00Z,16865180,1679270399,2023-03-19T23:59:59.000Z,
2023-03-20T01:00:00Z,16865474,1679273999,2023-03-20T00:59:59.000Z,
2023-03-20T02:00:00Z,16865770,1679277599,2023-03-20T01:59:59.000Z,
2023-03-20T03:00:00Z,16866067,1679281199,2023-03-20T02:59:59.000Z,
2023-03-20T04:00:00Z,16866365,1679284799,2023-03-20T03:59:59.000Z,
2023-03-20T05:00:00Z,16866662,1679288399,2023-03-20T04:59:59.000Z,
2023-03-20T06:00:00Z,16866960,1679291999,2023-03-20T05:59:59.000Z,
2023-03-20T07:00:00Z,16867257,1679295599,2023-03-20T06:59:59.000Z,
2023-03-20T08:00:00Z,16867554,1679299199,2023-03-20T07:59:59.000Z,
2023-03-20T09:00:00Z,16867852,1679302799,2023-03-20T08:59:59.000Z,
2023-03-20T10:00:00Z,16868150,1679306399,2023-03-20T09:59:59.000Z,
2023-03-20T11:00:00Z,16868448,1679309999,2023-03-20T10:59:59.000Z,
2023-03-20T12:00:00Z,16868744,1679313599,2023-03-20T11:59:59.000Z,
2023-03-20T13:00:00Z,16869041,1679317199,2023-03-20T12:59:59.000Z,
2023-03-20T14:00:00Z,16869340,1679320799,2023-03-20T13:59:59.000Z,
2023-03-20T15:00:00Z,16869638,1679324399,2023-03-20T14:59:59.000Z,
2023-03-20T16:00:00Z,16869933,1679327999,2023-03-20T15:59:59.000Z,
2023-03-20T17:00:00Z,16870231,1679331599,2023-03-20T16:59:59.000Z,
2023-03-20T18:00:00Z,16870527,1679335199,2023-03-20T17:59:59.000Z,
2023-03-20T19:00:00Z,16870825,1679338787,2023-03-20T18:59:47.000Z,
2023-03-20T20:00:00Z,16871122,1679342399,2023-03-20T19:59:59.000Z,
2023-03-20T21:00:00Z,16871420,1679345999,2023-03-20T20:59:59.000Z,
2023-03-20T22:00:00Z,16871716,1679349599,2023-03-20T21:59:59.000Z,
2023-03-20T23:00:00Z,16872014,1679353199,2023-03-20T22:59:59.000Z,
2023-03-21T00:00:00Z,16872312,1679356799,2023-03-20T23:59:59.000Z,
2023-03-21T01:00:00Z,16872608,1679360399,2023-03-21T00:59:59.000Z,
2023-03-21T02:00:00Z,16872907,1679363999,2023-03-21T01:59:59.000Z,
2023-03-21T03:00:00Z,16873206,1679367599,2023-03-21T02:59:59.000Z,
2023-03-21T04:00:00Z,16873503,1679371199,2023-03-21T03:59:59.000Z,
2023-03-21T05:00:00Z,16873795,1679374799,2023-03-21T04:59:59.000Z,
2023-03-21T06:00:00Z,16874093,1679378399,2023-03-21T05:59:59.000Z,
2023-03-21T07:00:00Z,16874392,1679381999,2023-03-21T06:59:59.000Z,
2023-03-21T08:00:00Z,16874690,1679385599,2023-03-21T07:59:59.000Z,
2023-03-21T09:00:00Z,16874989,1679389199,2023-03-21T08:59:59.000Z,
2023-03-21T10:00:00Z,16875280,1679392799,2023-03-21T09:59:59.000Z,
2023-03-21T11:00:00Z,16875576,1679396399,2023-03-21T10:59:59.000Z,
2023-03-21T12:00:00Z,16875873,1679399999,2023-03-21T11:59:59.000Z,
2023-03-21T13:00:00Z,16876171,1679403599,2023-03-21T12:59:59.000Z,
2023-03-21T14:00:00Z,16876465,1679407199,2023-03-21T13:59:59.000Z,
2023-03-21T15:00:00Z,16876763,1679410799,2023-03-21T14:59:59.000Z,
2023-03-21T16:00:00Z,16877061,1679414399,2023-03-21T15:59:59.000Z,
2023-03-21T17:00:00Z,16877353,1679417999,2023-03-21T16:59:59.000Z,
2023-03-21T18:00:00Z,16877648,1679421599,2023-03-21T17:59:59.000Z,
2023-03-21T19:00:00Z,16877943,1679425199,2023-03-21T18:59:59.000Z,
2023-03-21T20:00:00Z,16878239,1679428799,2023-03-21T19:59:59.000Z,
2023-03-21T21:00:00Z,16878537,1679432399,2023-03-21T20:59:59.000Z,
2023-03-21T22:00:00Z,16878834,1679435999,2023-03-21T21:59:59.000Z,
2023-03-21T23:00:00Z,16879130,1679439599,2023-03-21T22:59:59.000Z,
2023-03-22T00:00:00Z,16879427,1679443199,2023-03-21T23:59:59.000Z,
2023-03-22T01:00:00Z,16879722,1679446799,2023-03-22T00:59:59.000Z,
2023-03-22T02:00:00Z,16880021,1679450399,2023-03-22T01:59:59.000Z,
2023-03-22T03:00:00Z,16880316,1679453999,2023-03-22T02:59:59.000Z,
2023-03-22T04:00:00Z,16880616,1679457599,2023-03-22T03:59:59.000Z,
2023-03-22T05:00:00Z,16880916,1679461199,2023-03-22T04:59:59.000Z,
2023-03-22T06:00:00Z,16881214,1679464799,2023-03-22T05:59:59.000Z,
2023-03-22T07:00:00Z,16881509,1679468399,2023-03-22T06:59:59.000Z,
2023-03-22T08:00:00Z,16881805,1679471999,2023-03-22T07:59:59.000Z,
2023-03-22T09:00:00Z,16882103,1679475599,2023-03-22T08:59:59.000Z,
2023-03-22T10:00:00Z,16882399,1679479199,2023-03-22T09:59:59.000Z,
2023-03-22T11:00:00Z,16882697,1679482799,2023-03-22T10:59:59.000Z,
2023-03-22T12:00:00Z,16882992,1679486399,2023-03-22T11:59:59.000Z,
2023-03-22T13:00:00Z,16883292,1679490011,2023-03-22T13:00:11.000Z,
2023-03-22T14:00:00Z,16883585,1679493599,2023-03-22T13:59:59.000Z,
2023-03-22T15:00:00Z,16883879,1679497199,2023-03-22T14:59:59.000Z,
2023-03-22T16:00:00Z,16884176,1679500787,2023-03-22T15:59:47.000Z,
2023-03-22T17:00:00Z,16884473,1679504399,2023-03-22T16:59:59.000Z,
2023-03-22T18:00:00Z,16884770,1679507999,2023-03-22T17:59:59.000Z,
2023-03-22T19:00:00Z,16885067,1679511599,2023-03-22T18:59:59.000Z,
2023-03-22T20:00:00Z,16885365,1679515199,2023-03-22T19:59:59.000Z,
2023-03-22T21:00:00Z,16885664,1679518799,2023-03-22T20:59:59.000Z,
2023-03-22T22:00:00Z,16885961,1679522399,2023-03-22T21:59:59.000Z,
2023-03-22T23:00:00Z,16886258,1679525999,2023-03-22T22:59:59.000Z,
2023-03-23T00:00:00Z,16886553,1679529611,2023-03-23T00:00:11.000Z,
2023-03-23T01:00:00Z,16886846,1679533187,2023-03-23T00:59:47.000Z,
2023-03-23T02:00:00Z,16887142,1679536799,2023-03-23T01:59:59.000Z,
2023-03-23T03:00:00Z,16887436,1679540399,2023-03-23T02:59:59.000Z,
2023-03-23T04:00:00Z,16887733,1679543999,2023-03-23T03:59:59.000Z,
2023-03-23T05:00:00Z,16888030,1679547599,2023-03-23T04:59:59.000Z,
2023-03-23T06:00:00Z,16888327,1679551199,2023-03-23T05:59:59.000Z,
2023-03-23T07:00:00Z,16888622,1679554799,2023-03-23T06:59:59.000Z,
2023-03-23T08:00:00Z,16888918,1679558399,2023-03-23T07:59:59.000Z,
2023-03-23T09:00:00Z,16889212,1679561999,2023-03-23T08:59:59.000Z,
2023-03-23T10:00:00Z,16889507,1679565587,2023-03-23T09:59:47.000Z,
2023-03-23T11:00:00Z,16889803,1679569199,2023-03-23T10:59:59.000Z,
2023-03-23T12:00:00Z,16890100,1679572799,2023-03-23T11:59:59.000Z,
2023-03-23T13:00:00Z,16890394,1679576399,2023-03-23T12:59:59.000Z,
2023-03-23T14:00:00Z,16890690,1679579999,2023-03-23T13:59:59.000Z,
2023-03-23T15:00:00Z,16890984,1679583599,2023-03-23T14:59:59.000Z,
2023-03-23T16:00:00Z,16891281,1679587199,2023-03-23T15:59:59.000Z,
2023-03-23T17:00:00Z,16891577,1679590799,2023-03-23T16:59:59.000Z,
2023-03-23T18:00:00Z,16891875,1679594399,2023-03-23T17:59:59.000Z,
2023-03-23T19:00:00Z,16892174,1679597999,2023-03-23T18:59:59.000Z,
2023-03-23T20:00:00Z,16892472,1679601599,2023-03-23T19:59:59.000Z,
2023-03-23T21:00:00Z,16892769,1679605199,2023-03-23T20:59:59.000Z,
2023-03-23T22:00:00Z,16893065,1679608799,2023-03-23T21:59:59.000Z,
2023-03-23T23:00:00Z,16893362,1679612399,2023-03-23T22:59:59.000Z,
2023-03-24T00:00:00Z,16893655,1679615987,2023-03-23T23:59:47.000Z,
2023-03-24T01:00:00Z,16893951,1679619599,2023-03-24T00:59:59.000Z,
2023-03-24T02:00:00Z,16894251,1679623199,2023-03-24T01:59:59.000Z,
2023-03-24T03:00:00Z,16894547,1679626799,2023-03-24T02:59:59.000Z,
2023-03-24T04:00:00Z,16894843,1679630399,2023-03-24T03:59:59.000Z,
2023-03-24T05:00:00Z,16895143,1679633999,2023-03-24T04:59:59.000Z,
2023-03-24T06:00:00Z,16895438,1679637599,2023-03-24T05:59:59.000Z,
2023-03-24T07:00:00Z,16895736,1679641199,2023-03-24T06:59:59.000Z,
2023-03-24T08:00:00Z,16896031,1679644799,2023-03-24T07:59:59.000Z,
2023-03-24T09:00:00Z,16896330,1679648399,2023-03-24T08:59:59.000Z,
2023-03-24T10:00:00Z,16896624,1679651999,2023-03-24T09:59:59.000Z,
2023-03-24T11:00:00Z,16896924,1679655599,2023-03-24T10:59:59.000Z,
2023-03-24T12:00:00Z,16897223,1679659211,2023-03-24T12:00:11.000Z,
2023-03-24T13:00:00Z,16897516,1679662799,2023-03-24T12:59:59.000Z,
2023-03-24T14:00:00Z,16897812,1679666399,2023-03-24T13:59:59.000Z,
2023-03-24T15:00:00Z,16898111,1679669999,2023-03-24T14:59:59.000Z,
2023-03-24T16:00:00Z,16898406,1679673599,2023-03-24T15:59:59.000Z,
2023-03-24T17:00:00Z,16898703,1679677199,2023-03-24T16:59:59.000Z,
2023-03-24T18:00:00Z,16899001,1679680799,2023-03-24T17:59:59.000Z,
2023-03-24T19:00:00Z,16899301,1679684411,2023-03-24T19:00:11.000Z,
2023-03-24T20:00:00Z,16899596,1679687999,2023-03-24T19:59:59.000Z,
2023-03-24T21:00:00Z,16899891,1679691599,2023-03-24T20:59:59.000Z,
2023-03-24T22:00:00Z,16900184,1679695199,2023-03-24T21:59:59.000Z,
2023-03-24T23:00:00Z,16900480,1679698799,2023-03-24T22:59:59.000Z,
2023-03-25T00:00:00Z,16900777,1679702399,2023-03-24T23:59:59.000Z,
2023-03-25T01:00:00Z,16901072,1679705999,2023-03-25T00:59:59.000Z,
2023-03-25T02:00:00Z,16901371,1679709599,2023-03-25T01:59:59.000Z,
2023-03-25T03:00:00Z,16901668,1679713199,2023-03-25T02:59:59.000Z,
2023-03-25T04:00:00Z,16901966,1679716799,2023-03-25T03:59:59.000Z,
2023-03-25T05:00:00Z,16902263,1679720399,2023-03-25T04:59:59.000Z,
2023-03-25T06:00:00Z,16902557,1679723999,2023-03-25T05:59:59.000Z,
2023-03-25T07:00:00Z,16902853,1679727599,2023-03-25T06:59:59.000Z,
2023-03-25T08:00:00Z,16903149,1679731199,2023-03-25T07:59:59.000Z,
2023-03-25T09:00:00Z,16903447,1679734799,2023-03-25T08:59:59.000Z,
2023-03-25T10:00:00Z,16903743,1679738399,2023-03-25T09:59:59.000Z,
2023-03-25T11:00:00Z,16904041,1679741999,2023-03-25T10:59:59.000Z,
2023-03-25T12:00:00Z,16904338,1679745599,2023-03-25T11:59:59.000Z,
2023-03-25T13:00:00Z,16904635,1679749199,2023-03-25T12:59:59.000Z,
2023-03-25T14:00:00Z,16904931,1679752799,2023-03-25T13:59:59.000Z,
2023-03-25T15:00:00Z,16905227,1679756399,2023-03-25T14:59:59.000Z,
2023-03-25T16:00:00Z,16905524,1679759999,2023-03-25T15:59:59.000Z,
2023-03-25T17:00:00Z,16905823,1679763611,2023-03-25T17:00:11.000Z,
2023-03-25T18:00:00Z,16906117,1679767199,2023-03-25T17:59:59.000Z,
2023-03-25T19:00:00Z,16906412,1679770799,2023-03-25T18:59:59.000Z,
2023-03-25T20:00:00Z,16906709,1679774399,2023-03-25T19:59:59.000Z,
2023-03-25T21:00:00Z,16907009,1679777999,2023-03-25T20:59:59.000Z,
2023-03-25T22:00:00Z,16907307,1679781599,2023-03-25T21:59:59.000Z,
2023-03-25T23:00:00Z,16907603,1679785199,2023-03-25T22:59:59.000Z,
2023-03-26T00:00:00Z,16907899,1679788799,2023-03-25T23:59:59.000Z,
2023-03-26T01:00:00Z,16908195,1679792399,2023-03-26T00:59:59.000Z,
2023-03-26T02:00:00Z,16908491,1679796011,2023-03-26T02:00:11.000Z,
2023-03-26T03:00:00Z,16908787,1679799599,2023-03-26T02:59:59.000Z,
2023-03-26T04:00:00Z,16909083,1679803187,2023-03-26T03:59:47.000Z,
2023-03-26T05:00:00Z,16909383,1679806799,2023-03-26T04:59:59.000Z,
2023-03-26T06:00:00Z,16909677,1679810399,2023-03-26T05:59:59.000Z,
2023-03-26T07:00:00Z,16909976,1679813999,2023-03-26T06:59:59.000Z,
2023-03-26T08:00:00Z,16910272,1679817599,2023-03-26T07:59:59.000Z,
2023-03-26T09:00:00Z,16910569,1679821199,2023-03-26T08:59:59.000Z,
2023-03-26T10:00:00Z,16910867,1679824799,2023-03-26T09:59:59.000Z,
2023-03-26T11:00:00Z,16911165,1679828399,2023-03-26T10:59:59.000Z,
2023-03-26T12:00:00Z,16911463,1679832011,2023-03-26T12:00:11.000Z,
2023-03-26T13:00:00Z,16911759,1679835599,2023-03-26T12:59:59.000Z,
2023-03-26T14:00:00Z,16912057,1679839211,2023-03-26T14:00:11.000Z,
2023-03-26T15:00:00Z,16912352,1679842799,2023-03-26T14:59:59.000Z,
2023-03-26T16:00:00Z,16912651,1679846399,2023-03-26T15:59:59.000Z,
2023-03-26T17:00:00Z,16912946,1679849999,2023-03-26T16:59:59.000Z,
2023-03-26T18:00:00Z,16913242,1679853599,2023-03-26T17:59:59.000Z,
2023-03-26T19:00:00Z,16913538,1679857199,2023-03-26T18:59:59.000Z,
2023-03-26T20:00:00Z,16913833,1679860799,2023-03-26T19:59:59.000Z,
2023-03-26T21:00:00Z,16914133,1679864399,2023-03-26T20:59:59.000Z,
2023-03-26T22:00:00Z,16914431,1679867999,2023-03-26T21:59:59.000Z,
2023-03-26T23:00:00Z,16914725,1679871599,2023-03-26T22:59:59.000Z,
2023-03-27T00:00:00Z,16915021,1679875199,2023-03-26T23:59:59.000Z,
2023-03-27T01:00:00Z,16915318,1679878799,2023-03-27T00:59:59.000Z,
2023-03-27T02:00:00Z,16915616,1679882399,2023-03-27T01:59:59.000Z,
2023-03-27T03:00:00Z,16915913,1679885999,2023-03-27T02:59:59.000Z,
2023-03-27T04:00:00Z,16916208,1679889599,2023-03-27T03:59:59.000Z,
2023-03-27T05:00:00Z,16916501,1679893199,2023-03-27T04:59:59.000Z,
2023-03-27T06:00:00Z,16916796,1679896799,2023-03-27T05:59:59.000Z,
2023-03-27T07:00:00Z,16917094,1679900399,2023-03-27T06:59:59.000Z,
2023-03-27T08:00:00Z,16917391,1679903999,2023-03-27T07:59:59.000Z,
2023-03-27T09:00:00Z,16917688,1679907611,2023-03-27T09:00:11.000Z,
2023-03-27T10:00:00Z,16917982,1679911199,2023-03-27T09:59:59.000Z,
2023-03-27T11:00:00Z,16918279,1679914799,2023-03-27T10:59:59.000Z,
2023-03-27T12:00:00Z,16918576,1679918399,2023-03-27T11:59:59.000Z,
2023-03-27T13:00:00Z,16918872,1679921999,2023-03-27T12:59:59.000Z,
2023-03-27T14:00:00Z,16919171,1679925599,2023-03-27T13:59:59.000Z,
2023-03-27T15:00:00Z,16919470,1679929199,2023-03-27T14:59:59.000Z,
2023-03-27T16:00:00Z,16919768,1679932799,2023-03-27T15:59:59.000Z,
2023-03-27T17:00:00Z,16920066,1679936399,2023-03-27T16:59:59.000Z,
2023-03-27T18:00:00Z,16920361,1679939999,2023-03-27T17:59:59.000Z,
2023-03-27T19:00:00Z,16920659,1679943599,2023-03-27T18:59:59.000Z,
2023-03-27T20:00:00Z,16920954,1679947199,2023-03-27T19:59:59.000Z,
2023-03-27T21:00:00Z,16921249,1679950799,2023-03-27T20:59:59.000Z,
2023-03-27T22:00:00Z,16921547,1679954399,2023-03-27T21:59:59.000Z,
2023-03-27T23:00:00Z,16921843,1679957999,2023-03-27T22:59:59.000Z,
2023-03-28T00:00:00Z,16922136,1679961599,2023-03-27T23:59:59.000Z,
2023-03-28T01:00:00Z,16922433,1679965199,2023-03-28T00:59:59.000Z,
2023-03-28T02:00:00Z,16922730,1679968799,2023-03-28T01:59:59.000Z,
2023-03-28T03:00:00Z,16923030,1679972399,2023-03-28T02:59:59.000Z,
2023-03-28T04:00:00Z,16923328,1679975999,2023-03-28T03:59:59.000Z,
2023-03-28T05:00:00Z,16923624,1679979599,2023-03-28T04:59:59.000Z,
2023-03-28T06:00:00Z,16923923,1679983199,2023-03-28T05:59:59.000Z,
2023-03-28T07:00:00Z,16924215,1679986799,2023-03-28T06:59:59.000Z,
2023-03-28T08:00:00Z,16924511,1679990399,2023-03-28T07:59:59.000Z,
2023-03-28T09:00:00Z,16924805,1679993999,2023-03-28T08:59:59.000Z,
2023-03-28T10:00:00Z,16925102,1679997599,2023-03-28T09:59:59.000Z,
2023-03-28T11:00:00Z,16925396,1680001199,2023-03-28T10:59:59.000Z,
2023-03-28T12:00:00Z,16925692,1680004799,2023-03-28T11:59:59.000Z,
2023-03-28T13:00:00Z,16925989,1680008411,2023-03-28T13:00:11.000Z,
2023-03-28T14:00:00Z,16926285,1680011999,2023-03-28T13:59:59.000Z,
2023-03-28T15:00:00Z,16926582,1680015599,2023-03-28T14:59:59.000Z,
2023-03-28T16:00:00Z,16926880,1680019211,2023-03-28T16:00:11.000Z,
2023-03-28T17:00:00Z,16927172,1680022811,2023-03-28T17:00:11.000Z,
2023-03-28T18:00:00Z,16927467,1680026399,2023-03-28T17:59:59.000Z,
2023-03-28T19:00:00Z,16927763,1680029999,2023-03-28T18:59:59.000Z,
2023-03-28T20:00:00Z,16928062,1680033599,2023-03-28T19:59:59.000Z,
2023-03-28T21:00:00Z,16928360,1680037199,2023-03-28T20:59:59.000Z,
2023-03-28T22:00:00Z,16928654,1680040799,2023-03-28T21:59:59.000Z,
2023-03-28T23:00:00Z,16928951,1680044399,2023-03-28T22:59:59.000Z,
2023-03-29T00:00:00Z,16929247,1680047999,2023-03-28T23:59:59.000Z,
2023-03-29T01:00:00Z,16929544,1680051599,2023-03-29T00:59:59.000Z,
2023-03-29T02:00:00Z,16929843,1680055199,2023-03-29T01:59:59.000Z,
2023-03-29T03:00:00Z,16930138,1680058799,2023-03-29T02:59:59.000Z,
2023-03-29T04:00:00Z,16930436,1680062399,2023-03-29T03:59:59.000Z,
2023-03-29T05:00:00Z,16930734,1680066011,2023-03-29T05:00:11.000Z,
2023-03-29T06:00:00Z,16931030,1680069599,2023-03-29T05:59:59.000Z,
2023-03-29T07:00:00Z,16931326,1680073199,2023-03-29T06:59:59.000Z,
2023-03-29T08:00:00Z,16931623,1680076799,2023-03-29T07:59:59.000Z,
2023-03-29T09:00:00Z,16931920,1680080399,2023-03-29T08:59:59.000Z,
2023-03-29T10:00:00Z,16932218,1680083999,2023-03-29T09:59:59.000Z,
2023-03-29T11:00:00Z,16932513,1680087599,2023-03-29T10:59:59.000Z,
2023-03-29T12:00:00Z,16932809,1680091199,2023-03-29T11:59:59.000Z,
2023-03-29T13:00:00Z,16933105,1680094799,2023-03-29T12:59:59.000Z,
2023-03-29T14:00:00Z,16933402,1680098411,2023-03-29T14:00:11.000Z,
2023-03-29T15:00:00Z,16933698,1680101999,2023-03-29T14:59:59.000Z,
2023-03-29T16:00:00Z,16933994,1680105599,2023-03-29T15:59:59.000Z,
2023-03-29T17:00:00Z,16934287,1680109199,2023-03-29T16:59:59.000Z,
2023-03-29T18:00:00Z,16934582,1680112799,2023-03-29T17:59:59.000Z,
2023-03-29T19:00:00Z,16934876,1680116399,2023-03-29T18:59:59.000Z,
2023-03-29T20:00:00Z,16935170,1680119999,2023-03-29T19:59:59.000Z,
2023-03-29T21:00:00Z,16935466,1680123599,2023-03-29T20:59:59.000Z,
2023-03-29T22:00:00Z,16935764,1680127199,2023-03-29T21:59:59.000Z,
2023-03-29T23:00:00Z,16936064,1680130799,2023-03-29T22:59:59.000Z,
2023-03-30T00:00:00Z,16936361,1680134411,2023-03-30T00:00:11.000Z,
2023-03-30T01:00:00Z,16936655,1680137999,2023-03-30T00:59:59.000Z,
2023-03-30T02:00:00Z,16936951,1680141599,2023-03-30T01:59:59.000Z,
2023-03-30T03:00:00Z,16937247,1680145199,2023-03-30T02:59:59.000Z,
2023-03-30T04:00:00Z,16937545,1680148799,2023-03-30T03:59:59.000Z,
2023-03-30T05:00:00Z,16937842,1680152399,2023-03-30T04:59:59.000Z,
2023-03-30T06:00:00Z,16938142,1680156011,2023-03-30T06:00:11.000Z,
2023-03-30T07:00:00Z,16938438,1680159599,2023-03-30T06:59:59.000Z,
2023-03-30T08:00:00Z,16938735,1680163199,2023-03-30T07:59:59.000Z,
2023-03-30T09:00:00Z,16939032,1680166799,2023-03-30T08:59:59.000Z,
2023-03-30T10:00:00Z,16939331,1680170399,2023-03-30T09:59:59.000Z,
2023-03-30T11:00:00Z,16939630,1680174011,2023-03-30T11:00:11.000Z,
2023-03-30T12:00:00Z,16939925,1680177611,2023-03-30T12:00:11.000Z,
2023-03-30T13:00:00Z,16940217,1680181199,2023-03-30T12:59:59.000Z,
2023-03-30T14:00:00Z,16940514,1680184799,2023-03-30T13:59:59.000Z,
2023-03-30T15:00:00Z,16940810,1680188399,2023-03-30T14:59:59.000Z,
2023-03-30T16:00:00Z,16941105,1680191999,2023-03-30T15:59:59.000Z,
2023-03-30T17:00:00Z,16941404,1680195599,2023-03-30T16:59:59.000Z,
2023-03-30T18:00:00Z,16941701,1680199211,2023-03-30T18:00:11.000Z,
2023-03-30T19:00:00Z,16941997,1680202799,2023-03-30T18:59:59.000Z,
2023-03-30T20:00:00Z,16942293,1680206411,2023-03-30T20:00:11.000Z,
2023-03-30T21:00:00Z,16942590,1680209999,2023-03-30T20:59:59.000Z,
2023-03-30T22:00:00Z,16942888,1680213599,2023-03-30T21:59:59.000Z,
2023-03-30T23:00:00Z,16943184,1680217199,2023-03-30T22:59:59.000Z,
2023-03-31T00:00:00Z,16943478,1680220799,2023-03-30T23:59:59.000Z,
2023-03-31T01:00:00Z,16943776,1680224399,2023-03-31T00:59:59.000Z,
2023-03-31T02:00:00Z,16944076,1680228011,2023-03-31T02:00:11.000Z,
2023-03-31T03:00:00Z,16944370,1680231599,2023-03-31T02:59:59.000Z,
2023-03-31T04:00:00Z,16944668,1680235199,2023-03-31T03:59:59.000Z,
2023-03-31T05:00:00Z,16944965,1680238799,2023-03-31T04:59:59.000Z,
2023-03-31T06:00:00Z,16945262,1680242399,2023-03-31T05:59:59.000Z,
2023-03-31T07:00:00Z,16945561,1680245999,2023-03-31T06:59:59.000Z,
2023-03-31T08:00:00Z,16945858,1680249599,2023-03-31T07:59:59.000Z,
2023-03-31T09:00:00Z,16946155,1680253199,2023-03-31T08:59:59.000Z,
2023-03-31T10:00:00Z,16946453,1680256799,2023-03-31T09:59:59.000Z,
2023-03-31T11:00:00Z,16946750,1680260399,2023-03-31T10:59:59.000Z,
2023-03-31T12:00:00Z,16947045,1680264011,2023-03-31T12:00:11.000Z,
2023-03-31T13:00:00Z,16947336,1680267599,2023-03-31T12:59:59.000Z,
2023-03-31T14:00:00Z,16947628,1680271199,2023-03-31T13:59:59.000Z,
2023-03-31T15:00:00Z,16947927,1680274799,2023-03-31T14:59:59.000Z,
2023-03-31T16:00:00Z,16948223,1680278399,2023-03-31T15:59:59.000Z,
2023-03-31T17:00:00Z,16948523,1680281999,2023-03-31T16:59:59.000Z,
2023-03-31T18:00:00Z,16948820,1680285599,2023-03-31T17:59:59.000Z,
2023-03-31T19:00:00Z,16949120,1680289211,2023-03-31T19:00:11.000Z,
2023-03-31T20:00:00Z,16949416,1680292799,2023-03-31T19:59:59.000Z,
2023-03-31T21:00:00Z,16949709,1680296399,2023-03-31T20:59:59.000Z,
2023-03-31T22:00:00Z,16950009,1680299999,2023-03-31T21:59:59.000Z,
2023-03-31T23:00:00Z,16950307,1680303599,2023-03-31T22:59:59.000Z,
