2023-03-31T23:59:57Z,40997388,1680307184,2023-03-31T23:59:44.000Z,
2023-03-31T23:59:58Z,40997389,1680307186,2023-03-31T23:59:46.000Z,
2023-03-31T23:59:59Z,40997389,1680307186,2023-03-31T23:59:46.000Z,
2023-04-01T00:00:00Z,40997390,1680307188,2023-03-31T23:59:48.000Z,
2023-04-01T00:00:01Z,40997390,1680307188,2023-03-31T23:59:48.000Z,
2023-04-01T00:00:02Z,40997391,1680307190,2023-03-31T23:59:50.000Z,
2023-04-01T00:00:03Z,40997391,1680307190,2023-03-31T23:59:50.000Z,
2023-04-30T23:59:57Z,42155218,1682899182,2023-04-30T23:59:42.000Z,
2023-04-30T23:59:58Z,42155225,1682899196,2023-04-30T23:59:56.000Z,
2023-04-30T23:59:59Z,42155219,1682899184,2023-04-30T23:59:44.000Z,
2023-05-01T00:00:00Z,42155226,1682899198,2023-04-30T23:59:58.000Z,
2023-05-01T00:00:01Z,42155220,1682899186,2023-04-30T23:59:46.000Z,
2023-05-01T00:00:02Z,42155227,1682899200,2023-05-01T00:00:00.000Z,
2023-05-01T00:00:03Z,42155221,1682899188,2023-04-30T23:59:48.000Z,
